Date,Content,Video title,Video publish time,Duration,Views
2026-01-07, -ZJN1bQMerk,Papillons Noirs (Dark),"Nov 3, 2025",230,0
2026-01-08, -ZJN1bQMerk,Papillons Noirs (Dark),"Nov 3, 2025",230,2
2026-01-09, -ZJN1bQMerk,Papillons Noirs (Dark),"Nov 3, 2025",230,0
2026-01-10, -ZJN1bQMerk,Papillons Noirs (Dark),"Nov 3, 2025",230,4
2026-01-11, -ZJN1bQMerk,Papillons Noirs (Dark),"Nov 3, 2025",230,0
2026-01-12, -ZJN1bQMerk,Papillons Noirs (Dark),"Nov 3, 2025",230,1
2026-01-13, -ZJN1bQMerk,Papillons Noirs (Dark),"Nov 3, 2025",230,0
2026-01-14, -ZJN1bQMerk,Papillons Noirs (Dark),"Nov 3, 2025",230,1
2026-01-15, -ZJN1bQMerk,Papillons Noirs (Dark),"Nov 3, 2025",230,5
2026-01-16, -ZJN1bQMerk,Papillons Noirs (Dark),"Nov 3, 2025",230,0
2026-01-17, -ZJN1bQMerk,Papillons Noirs (Dark),"Nov 3, 2025",230,0
2026-01-18, -ZJN1bQMerk,Papillons Noirs (Dark),"Nov 3, 2025",230,0
2026-01-19, -ZJN1bQMerk,Papillons Noirs (Dark),"Nov 3, 2025",230,0
2026-01-20, -ZJN1bQMerk,Papillons Noirs (Dark),"Nov 3, 2025",230,0
2026-01-21, -ZJN1bQMerk,Papillons Noirs (Dark),"Nov 3, 2025",230,0
2026-01-22, -ZJN1bQMerk,Papillons Noirs (Dark),"Nov 3, 2025",230,1
2026-01-23, -ZJN1bQMerk,Papillons Noirs (Dark),"Nov 3, 2025",230,0
2026-01-24, -ZJN1bQMerk,Papillons Noirs (Dark),"Nov 3, 2025",230,0
2026-01-25, -ZJN1bQMerk,Papillons Noirs (Dark),"Nov 3, 2025",230,0
2026-01-26, -ZJN1bQMerk,Papillons Noirs (Dark),"Nov 3, 2025",230,0
2026-01-27, -ZJN1bQMerk,Papillons Noirs (Dark),"Nov 3, 2025",230,0
2026-01-28, -ZJN1bQMerk,Papillons Noirs (Dark),"Nov 3, 2025",230,0
2026-01-29, -ZJN1bQMerk,Papillons Noirs (Dark),"Nov 3, 2025",230,0
2026-01-30, -ZJN1bQMerk,Papillons Noirs (Dark),"Nov 3, 2025",230,1
2026-01-31, -ZJN1bQMerk,Papillons Noirs (Dark),"Nov 3, 2025",230,0
2026-02-01, -ZJN1bQMerk,Papillons Noirs (Dark),"Nov 3, 2025",230,0
2026-02-02, -ZJN1bQMerk,Papillons Noirs (Dark),"Nov 3, 2025",230,0
2026-02-03, -ZJN1bQMerk,Papillons Noirs (Dark),"Nov 3, 2025",230,2
2026-01-07,0UZ5_adt9j8,Rich Kidz,"Jan 4, 2026",197,2
2026-01-08,0UZ5_adt9j8,Rich Kidz,"Jan 4, 2026",197,3
2026-01-09,0UZ5_adt9j8,Rich Kidz,"Jan 4, 2026",197,8
2026-01-10,0UZ5_adt9j8,Rich Kidz,"Jan 4, 2026",197,6
2026-01-11,0UZ5_adt9j8,Rich Kidz,"Jan 4, 2026",197,1
2026-01-12,0UZ5_adt9j8,Rich Kidz,"Jan 4, 2026",197,1
2026-01-13,0UZ5_adt9j8,Rich Kidz,"Jan 4, 2026",197,1
2026-01-14,0UZ5_adt9j8,Rich Kidz,"Jan 4, 2026",197,1
2026-01-15,0UZ5_adt9j8,Rich Kidz,"Jan 4, 2026",197,1
2026-01-16,0UZ5_adt9j8,Rich Kidz,"Jan 4, 2026",197,0
2026-01-17,0UZ5_adt9j8,Rich Kidz,"Jan 4, 2026",197,0
2026-01-18,0UZ5_adt9j8,Rich Kidz,"Jan 4, 2026",197,0
2026-01-19,0UZ5_adt9j8,Rich Kidz,"Jan 4, 2026",197,1
2026-01-20,0UZ5_adt9j8,Rich Kidz,"Jan 4, 2026",197,0
2026-01-21,0UZ5_adt9j8,Rich Kidz,"Jan 4, 2026",197,0
2026-01-22,0UZ5_adt9j8,Rich Kidz,"Jan 4, 2026",197,0
2026-01-23,0UZ5_adt9j8,Rich Kidz,"Jan 4, 2026",197,0
2026-01-24,0UZ5_adt9j8,Rich Kidz,"Jan 4, 2026",197,0
2026-01-25,0UZ5_adt9j8,Rich Kidz,"Jan 4, 2026",197,0
2026-01-26,0UZ5_adt9j8,Rich Kidz,"Jan 4, 2026",197,0
2026-01-27,0UZ5_adt9j8,Rich Kidz,"Jan 4, 2026",197,0
2026-01-28,0UZ5_adt9j8,Rich Kidz,"Jan 4, 2026",197,0
2026-01-29,0UZ5_adt9j8,Rich Kidz,"Jan 4, 2026",197,0
2026-01-30,0UZ5_adt9j8,Rich Kidz,"Jan 4, 2026",197,1
2026-01-31,0UZ5_adt9j8,Rich Kidz,"Jan 4, 2026",197,0
2026-02-01,0UZ5_adt9j8,Rich Kidz,"Jan 4, 2026",197,0
2026-02-02,0UZ5_adt9j8,Rich Kidz,"Jan 4, 2026",197,0
2026-02-03,0UZ5_adt9j8,Rich Kidz,"Jan 4, 2026",197,2
2026-01-07,jNJPRh2tx6A,Song for a Savers Parking Lot,"Oct 8, 2024",287,2
2026-01-08,jNJPRh2tx6A,Song for a Savers Parking Lot,"Oct 8, 2024",287,0
2026-01-09,jNJPRh2tx6A,Song for a Savers Parking Lot,"Oct 8, 2024",287,0
2026-01-10,jNJPRh2tx6A,Song for a Savers Parking Lot,"Oct 8, 2024",287,2
2026-01-11,jNJPRh2tx6A,Song for a Savers Parking Lot,"Oct 8, 2024",287,0
2026-01-12,jNJPRh2tx6A,Song for a Savers Parking Lot,"Oct 8, 2024",287,17
2026-01-13,jNJPRh2tx6A,Song for a Savers Parking Lot,"Oct 8, 2024",287,3
2026-01-14,jNJPRh2tx6A,Song for a Savers Parking Lot,"Oct 8, 2024",287,3
2026-01-15,jNJPRh2tx6A,Song for a Savers Parking Lot,"Oct 8, 2024",287,3
2026-01-16,jNJPRh2tx6A,Song for a Savers Parking Lot,"Oct 8, 2024",287,1
2026-01-17,jNJPRh2tx6A,Song for a Savers Parking Lot,"Oct 8, 2024",287,0
2026-01-18,jNJPRh2tx6A,Song for a Savers Parking Lot,"Oct 8, 2024",287,0
2026-01-19,jNJPRh2tx6A,Song for a Savers Parking Lot,"Oct 8, 2024",287,0
2026-01-20,jNJPRh2tx6A,Song for a Savers Parking Lot,"Oct 8, 2024",287,0
2026-01-21,jNJPRh2tx6A,Song for a Savers Parking Lot,"Oct 8, 2024",287,0
2026-01-22,jNJPRh2tx6A,Song for a Savers Parking Lot,"Oct 8, 2024",287,1
2026-01-23,jNJPRh2tx6A,Song for a Savers Parking Lot,"Oct 8, 2024",287,0
2026-01-24,jNJPRh2tx6A,Song for a Savers Parking Lot,"Oct 8, 2024",287,1
2026-01-25,jNJPRh2tx6A,Song for a Savers Parking Lot,"Oct 8, 2024",287,0
2026-01-26,jNJPRh2tx6A,Song for a Savers Parking Lot,"Oct 8, 2024",287,0
2026-01-27,jNJPRh2tx6A,Song for a Savers Parking Lot,"Oct 8, 2024",287,2
2026-01-28,jNJPRh2tx6A,Song for a Savers Parking Lot,"Oct 8, 2024",287,0
2026-01-29,jNJPRh2tx6A,Song for a Savers Parking Lot,"Oct 8, 2024",287,1
2026-01-30,jNJPRh2tx6A,Song for a Savers Parking Lot,"Oct 8, 2024",287,1
2026-01-31,jNJPRh2tx6A,Song for a Savers Parking Lot,"Oct 8, 2024",287,1
2026-02-01,jNJPRh2tx6A,Song for a Savers Parking Lot,"Oct 8, 2024",287,0
2026-02-02,jNJPRh2tx6A,Song for a Savers Parking Lot,"Oct 8, 2024",287,0
2026-02-03,jNJPRh2tx6A,Song for a Savers Parking Lot,"Oct 8, 2024",287,1
2026-01-07,yHphWU21Y_Q,Consent,"Jan 13, 2026",265,0
2026-01-08,yHphWU21Y_Q,Consent,"Jan 13, 2026",265,0
2026-01-09,yHphWU21Y_Q,Consent,"Jan 13, 2026",265,0
2026-01-10,yHphWU21Y_Q,Consent,"Jan 13, 2026",265,0
2026-01-11,yHphWU21Y_Q,Consent,"Jan 13, 2026",265,0
2026-01-12,yHphWU21Y_Q,Consent,"Jan 13, 2026",265,0
2026-01-13,yHphWU21Y_Q,Consent,"Jan 13, 2026",265,2
2026-01-14,yHphWU21Y_Q,Consent,"Jan 13, 2026",265,3
2026-01-15,yHphWU21Y_Q,Consent,"Jan 13, 2026",265,4
2026-01-16,yHphWU21Y_Q,Consent,"Jan 13, 2026",265,0
2026-01-17,yHphWU21Y_Q,Consent,"Jan 13, 2026",265,0
2026-01-18,yHphWU21Y_Q,Consent,"Jan 13, 2026",265,0
2026-01-19,yHphWU21Y_Q,Consent,"Jan 13, 2026",265,0
2026-01-20,yHphWU21Y_Q,Consent,"Jan 13, 2026",265,0
2026-01-21,yHphWU21Y_Q,Consent,"Jan 13, 2026",265,0
2026-01-22,yHphWU21Y_Q,Consent,"Jan 13, 2026",265,0
2026-01-23,yHphWU21Y_Q,Consent,"Jan 13, 2026",265,1
2026-01-24,yHphWU21Y_Q,Consent,"Jan 13, 2026",265,2
2026-01-25,yHphWU21Y_Q,Consent,"Jan 13, 2026",265,0
2026-01-26,yHphWU21Y_Q,Consent,"Jan 13, 2026",265,0
2026-01-27,yHphWU21Y_Q,Consent,"Jan 13, 2026",265,0
2026-01-28,yHphWU21Y_Q,Consent,"Jan 13, 2026",265,0
2026-01-29,yHphWU21Y_Q,Consent,"Jan 13, 2026",265,0
2026-01-30,yHphWU21Y_Q,Consent,"Jan 13, 2026",265,0
2026-01-31,yHphWU21Y_Q,Consent,"Jan 13, 2026",265,0
2026-02-01,yHphWU21Y_Q,Consent,"Jan 13, 2026",265,1
2026-02-02,yHphWU21Y_Q,Consent,"Jan 13, 2026",265,0
2026-02-03,yHphWU21Y_Q,Consent,"Jan 13, 2026",265,1
2026-01-07,yYsTzudSSZk,Aphrodite,"May 1, 2023",364,3
2026-01-08,yYsTzudSSZk,Aphrodite,"May 1, 2023",364,6
2026-01-09,yYsTzudSSZk,Aphrodite,"May 1, 2023",364,0
2026-01-10,yYsTzudSSZk,Aphrodite,"May 1, 2023",364,6
2026-01-11,yYsTzudSSZk,Aphrodite,"May 1, 2023",364,0
2026-01-12,yYsTzudSSZk,Aphrodite,"May 1, 2023",364,2
2026-01-13,yYsTzudSSZk,Aphrodite,"May 1, 2023",364,1
2026-01-14,yYsTzudSSZk,Aphrodite,"May 1, 2023",364,0
2026-01-15,yYsTzudSSZk,Aphrodite,"May 1, 2023",364,0
2026-01-16,yYsTzudSSZk,Aphrodite,"May 1, 2023",364,1
2026-01-17,yYsTzudSSZk,Aphrodite,"May 1, 2023",364,0
2026-01-18,yYsTzudSSZk,Aphrodite,"May 1, 2023",364,1
2026-01-19,yYsTzudSSZk,Aphrodite,"May 1, 2023",364,1
2026-01-20,yYsTzudSSZk,Aphrodite,"May 1, 2023",364,2
2026-01-21,yYsTzudSSZk,Aphrodite,"May 1, 2023",364,4
2026-01-22,yYsTzudSSZk,Aphrodite,"May 1, 2023",364,1
2026-01-23,yYsTzudSSZk,Aphrodite,"May 1, 2023",364,0
2026-01-24,yYsTzudSSZk,Aphrodite,"May 1, 2023",364,1
2026-01-25,yYsTzudSSZk,Aphrodite,"May 1, 2023",364,1
2026-01-26,yYsTzudSSZk,Aphrodite,"May 1, 2023",364,0
2026-01-27,yYsTzudSSZk,Aphrodite,"May 1, 2023",364,0
2026-01-28,yYsTzudSSZk,Aphrodite,"May 1, 2023",364,0
2026-01-29,yYsTzudSSZk,Aphrodite,"May 1, 2023",364,1
2026-01-30,yYsTzudSSZk,Aphrodite,"May 1, 2023",364,1
2026-01-31,yYsTzudSSZk,Aphrodite,"May 1, 2023",364,1
2026-02-01,yYsTzudSSZk,Aphrodite,"May 1, 2023",364,0
2026-02-02,yYsTzudSSZk,Aphrodite,"May 1, 2023",364,0
2026-02-03,yYsTzudSSZk,Aphrodite,"May 1, 2023",364,2
